<?xml version="1.0" encoding="utf-8" standalone="yes" ?>
<rss version="2.0" xmlns:atom="http://www.w3.org/2005/Atom">
  <channel>
    <title>Mistake on KhanhIceTea B(rain)-log</title>
    <link>https://khanhicetea.com/tags/mistake/</link>
    <description>Recent content in Mistake on KhanhIceTea B(rain)-log</description>
    <generator>Hugo -- gohugo.io</generator>
    <language>en-us</language>
    <lastBuildDate>Sun, 06 Aug 2017 00:00:00 +0000</lastBuildDate>
    
	<atom:link href="https://khanhicetea.com/tags/mistake/index.xml" rel="self" type="application/rss+xml" />
    
    
    <item>
      <title>What I learned in 2017-08-06</title>
      <link>https://khanhicetea.com/til/2017-08-06/</link>
      <pubDate>Sun, 06 Aug 2017 00:00:00 +0000</pubDate>
      
      <guid>https://khanhicetea.com/til/2017-08-06/</guid>
      <description>JAVA Runing old java applets on brower Mostly morden browser has stop support Java plugins, so you can&amp;rsquo;t run Java applet on browser.
Temporary way : - run in IE or Safari - run in an old Firefox (version 23)
And what if old java applet can&amp;rsquo;t be runned on Java 8 because of weak signature algorithm. Try this
 Open java.security file :  In MacOS, located in /Library/Java/JavaVirtualMachines/jdk[jdk-version].</description>
    </item>
    
    <item>
      <title>What I learned in 2017-02-23</title>
      <link>https://khanhicetea.com/til/2017-02-23/</link>
      <pubDate>Thu, 23 Feb 2017 00:00:00 +0000</pubDate>
      
      <guid>https://khanhicetea.com/til/2017-02-23/</guid>
      <description>MYSQL UNION vs UNION ALL The difference is UNION command will sort and remove duplicated rows (RETURNED ONLY DISTINCT ROWS)
Examples :
mysql&amp;gt; select &#39;1&#39;, &#39;2&#39; union select &#39;2&#39;, &#39;1&#39; union select &#39;3&#39;, &#39;4&#39; union select &#39;1&#39;, &#39;2&#39;; +---+---+ | 1 | 2 | +---+---+ | 1 | 2 | | 2 | 1 | | 3 | 4 | +---+---+ 3 rows in set (0.00 sec) mysql&amp;gt; select &#39;1&#39;, &#39;2&#39; union select &#39;2&#39;, &#39;1&#39; union select &#39;3&#39;, &#39;4&#39; union select &#39;1&#39;, &#39;3&#39;; +---+---+ | 1 | 2 | +---+---+ | 1 | 2 | | 2 | 1 | | 3 | 4 | | 1 | 3 | +---+---+ 4 rows in set (0.</description>
    </item>
    
  </channel>
</rss>